,no_of_special_requests,cancel_rate_pct,n
0,0,43.2067553218385,19777
1,1,23.766816143497756,11373
2,2,14.596700274977085,4364
3,3,0.0,675
4,4,0.0,78
5,5,0.0,8
